{
  "linear_search": {
    "avg_time": 5.170690001250477e-05,
    "total_time": 0.0010341380002500955,
    "min_time": 3.914099943358451e-05,
    "max_time": 0.00011780599925259594
  },
  "dictionary_lookup": {
    "avg_time": 2.3029997464618646e-07,
    "total_time": 4.605999492923729e-06,
    "min_time": 7.400012691505253e-08,
    "max_time": 1.958000211743638e-06,
    "dict_creation_time": 0.00016062400027294643
  },
  "speedup": 224.51978161067066,
  "test_count": 20
}